{
  "version": "1.0",
  "method": "cpp_stereoCalibrate",
  "image_size": [
    3840,
    2160
  ],
  "square_size_mm": 10,
  "num_frames": 40,
  "cameras": [
    {
      "id": "left",
      "K": [
        [
          9729.6189619415,
          0.0,
          1919.5
        ],
        [
          0.0,
          9730.0288287162,
          1079.5
        ],
        [
          0.0,
          0.0,
          1.0
        ]
      ],
      "D": [
        -0.5029381908,
        1.0289149849,
        -0.0013226634,
        0.0016698893,
        -8.805984354
      ]
    },
    {
      "id": "center",
      "K": [
        [
          9800.2340122205,
          0.0,
          1919.5
        ],
        [
          0.0,
          9797.4338540924,
          1079.5
        ],
        [
          0.0,
          0.0,
          1.0
        ]
      ],
      "D": [
        -0.4640667588,
        -2.131670644,
        0.0035124374,
        0.0006715761,
        78.3485644718
      ]
    },
    {
      "id": "right",
      "K": [
        [
          9756.8189024549,
          0.0,
          1919.5
        ],
        [
          0.0,
          9756.0488443004,
          1079.5
        ],
        [
          0.0,
          0.0,
          1.0
        ]
      ],
      "D": [
        -0.500254305,
        0.924663939,
        -6.69321e-05,
        -0.0040200539,
        -6.6990663776
      ]
    }
  ],
  "stereo": [
    {
      "pair": "left_center",
      "R": [
        [
          0.9999892759,
          0.0029389675,
          0.0035791741
        ],
        [
          -0.0029461395,
          0.9999936597,
          0.0020001991
        ],
        [
          -0.0035732728,
          -0.0020107224,
          0.9999915943
        ]
      ],
      "T": [
        -74.6169514811,
        0.3496147459,
        2.9433709571
      ],
      "baseline_mm": 74.7
    },
    {
      "pair": "center_right",
      "R": [
        [
          0.9999960193,
          -0.0026056733,
          0.0010825279
        ],
        [
          0.0026063698,
          0.999996397,
          -0.000642452
        ],
        [
          -0.00108085,
          0.0006452709,
          0.9999992077
        ]
      ],
      "T": [
        -74.6323073343,
        -0.3415427001,
        -3.1099814866
      ],
      "baseline_mm": 74.7
    }
  ]
}