{
  "version": "1.0",
  "method": "cpp_stereoCalibrate",
  "image_size": [
    3840,
    2160
  ],
  "square_size_mm": 10,
  "num_frames": 32,
  "cameras": [
    {
      "id": "left",
      "K": [
        [
          9748.3220474159,
          0.0,
          1911.8979637427
        ],
        [
          0.0,
          9752.0018446737,
          1045.4794282469
        ],
        [
          0.0,
          0.0,
          1.0
        ]
      ],
      "D": [
        -0.4859981123,
        0.3115159311,
        -0.0006849574,
        0.0011226733,
        -1.2532102659
      ]
    },
    {
      "id": "center",
      "K": [
        [
          9815.3298511616,
          0.0,
          1897.6987895389
        ],
        [
          0.0,
          9817.5697044601,
          1078.6709680449
        ],
        [
          0.0,
          0.0,
          1.0
        ]
      ],
      "D": [
        -0.492678678,
        -0.1372717432,
        0.0036207064,
        0.0007312843,
        18.5750231395
      ]
    },
    {
      "id": "right",
      "K": [
        [
          9786.6439513015,
          0.0,
          1890.6388966709
        ],
        [
          0.0,
          9789.6997727235,
          1062.4761417669
        ],
        [
          0.0,
          0.0,
          1.0
        ]
      ],
      "D": [
        -0.4989474514,
        1.2186514606,
        0.0002006881,
        -0.0035148141,
        -13.753372749
      ]
    }
  ],
  "stereo": [
    {
      "pair": "left_center",
      "R": [
        [
          0.9999860832,
          0.0015955329,
          0.0050286802
        ],
        [
          -0.00160688,
          0.9999961704,
          0.0022532465
        ],
        [
          -0.0050250658,
          -0.0022612956,
          0.9999848175
        ]
      ],
      "T": [
        -75.3155354303,
        0.1367031268,
        2.715362783
      ],
      "baseline_mm": 75.4
    },
    {
      "pair": "center_right",
      "R": [
        [
          0.9999932062,
          -0.0025277154,
          0.0026829363
        ],
        [
          0.0025307368,
          0.9999961667,
          -0.0011233696
        ],
        [
          -0.0026800865,
          0.0011301517,
          0.9999957699
        ]
      ],
      "T": [
        -75.3154799685,
        -0.3385083436,
        -0.9675188226
      ],
      "baseline_mm": 75.3
    }
  ]
}