{
  "version": "1.0",
  "method": "F_cache",
  "image_size": [
    3840,
    2160
  ],
  "square_size_mm": 10,
  "num_frames": 26,
  "cameras": [
    {
      "id": "left",
      "K": [
        [
          9691.659966375297,
          0.0,
          1891.2234452010744
        ],
        [
          0.0,
          9689.436037715956,
          1035.562328416488
        ],
        [
          0.0,
          0.0,
          1.0
        ]
      ],
      "D": [
        -0.49015379004567233,
        0.5809066465913039,
        -0.0007143442932134485,
        0.003274347555614161,
        -2.73442604814253
      ]
    },
    {
      "id": "center",
      "K": [
        [
          9811.131621002976,
          0.0,
          1891.9974526061578
        ],
        [
          0.0,
          9806.743898152497,
          1064.3676624168695
        ],
        [
          0.0,
          0.0,
          1.0
        ]
      ],
      "D": [
        -0.4747626377574567,
        -1.0532356081136867,
        0.004310058586156951,
        0.0010763926023098604,
        37.71486141002903
      ]
    },
    {
      "id": "right",
      "K": [
        [
          9742.614893803146,
          0.0,
          1871.3008924211194
        ],
        [
          0.0,
          9741.815956639655,
          1076.1400087792504
        ],
        [
          0.0,
          0.0,
          1.0
        ]
      ],
      "D": [
        -0.5008812091655175,
        1.3543346987406644,
        -0.00023630529922248714,
        -0.0032767498155049,
        -11.36162078335153
      ]
    }
  ],
  "stereo": [
    {
      "pair": "left_center",
      "R": [
        [
          1,
          0,
          0
        ],
        [
          0,
          1,
          0
        ],
        [
          0,
          0,
          1
        ]
      ],
      "T": [
        -75,
        0,
        0
      ],
      "baseline_mm": 75,
      "F": [
        [
          1.4128952348497082e-10,
          1.5957159845522607e-07,
          -0.00022261358594337068
        ],
        [
          -8.037290130005691e-08,
          1.3941357525940714e-08,
          -0.010969754641528506
        ],
        [
          0.00012867009221318647,
          0.010904503573825922,
          1.0
        ]
      ]
    },
    {
      "pair": "center_right",
      "R": [
        [
          1,
          0,
          0
        ],
        [
          0,
          1,
          0
        ],
        [
          0,
          0,
          1
        ]
      ],
      "T": [
        75,
        0,
        0
      ],
      "baseline_mm": 75,
      "F": [
        [
          3.6200509572452055e-09,
          3.0183384053308596e-07,
          -0.0008075525809704505
        ],
        [
          -7.123005356911215e-07,
          7.226342263516351e-08,
          0.06642727874011557
        ],
        [
          0.001077088919760971,
          -0.0653435297236011,
          1.0
        ]
      ]
    }
  ]
}